

```sql
# 1.查询员工12个月的工资总和，并起别名为ANNUAL SALARY

SElECT employee_id AS 员工ID, last_name 员工姓名, salary 月薪, commission_pct, (salary * (1 + IFNULL(commission_pct, 0) * 12)) "ANNUAL SALARY" FROM employees;

+--------+-------------+----------+----------------+---------------+
| 员工ID | 员工姓名    | 月薪     | commission_pct | ANNUAL SALARY |
+--------+-------------+----------+----------------+---------------+
|    100 | King        | 24000.00 |           NULL |      24000.00 |
|    101 | Kochhar     | 17000.00 |           NULL |      17000.00 |
|    102 | De Haan     | 17000.00 |           NULL |      17000.00 |
|    103 | Hunold      |  9000.00 |           NULL |       9000.00 |
|    104 | Ernst       |  6000.00 |           NULL |       6000.00 |
|    105 | Austin      |  4800.00 |           NULL |       4800.00 |
|    106 | Pataballa   |  4800.00 |           NULL |       4800.00 |
|    107 | Lorentz     |  4200.00 |           NULL |       4200.00 |
|    108 | Greenberg   | 12000.00 |           NULL |      12000.00 |
|    109 | Faviet      |  9000.00 |           NULL |       9000.00 |
|    110 | Chen        |  8200.00 |           NULL |       8200.00 |
|    111 | Sciarra     |  7700.00 |           NULL |       7700.00 |
|    112 | Urman       |  7800.00 |           NULL |       7800.00 |
|    113 | Popp        |  6900.00 |           NULL |       6900.00 |
|    114 | Raphaely    | 11000.00 |           NULL |      11000.00 |
|    115 | Khoo        |  3100.00 |           NULL |       3100.00 |
|    116 | Baida       |  2900.00 |           NULL |       2900.00 |
|    117 | Tobias      |  2800.00 |           NULL |       2800.00 |
|    118 | Himuro      |  2600.00 |           NULL |       2600.00 |
|    119 | Colmenares  |  2500.00 |           NULL |       2500.00 |
|    120 | Weiss       |  8000.00 |           NULL |       8000.00 |
|    121 | Fripp       |  8200.00 |           NULL |       8200.00 |
|    122 | Kaufling    |  7900.00 |           NULL |       7900.00 |
|    123 | Vollman     |  6500.00 |           NULL |       6500.00 |
|    124 | Mourgos     |  5800.00 |           NULL |       5800.00 |
|    125 | Nayer       |  3200.00 |           NULL |       3200.00 |
|    126 | Mikkilineni |  2700.00 |           NULL |       2700.00 |
|    127 | Landry      |  2400.00 |           NULL |       2400.00 |
|    128 | Markle      |  2200.00 |           NULL |       2200.00 |
|    129 | Bissot      |  3300.00 |           NULL |       3300.00 |
|    130 | Atkinson    |  2800.00 |           NULL |       2800.00 |
|    131 | Marlow      |  2500.00 |           NULL |       2500.00 |
|    132 | Olson       |  2100.00 |           NULL |       2100.00 |
|    133 | Mallin      |  3300.00 |           NULL |       3300.00 |
|    134 | Rogers      |  2900.00 |           NULL |       2900.00 |
|    135 | Gee         |  2400.00 |           NULL |       2400.00 |
|    136 | Philtanker  |  2200.00 |           NULL |       2200.00 |
|    137 | Ladwig      |  3600.00 |           NULL |       3600.00 |
|    138 | Stiles      |  3200.00 |           NULL |       3200.00 |
|    139 | Seo         |  2700.00 |           NULL |       2700.00 |
|    140 | Patel       |  2500.00 |           NULL |       2500.00 |
|    141 | Rajs        |  3500.00 |           NULL |       3500.00 |
|    142 | Davies      |  3100.00 |           NULL |       3100.00 |
|    143 | Matos       |  2600.00 |           NULL |       2600.00 |
|    144 | Vargas      |  2500.00 |           NULL |       2500.00 |
|    145 | Russell     | 14000.00 |           0.40 |      81200.00 |
|    146 | Partners    | 13500.00 |           0.30 |      62100.00 |
|    147 | Errazuriz   | 12000.00 |           0.30 |      55200.00 |
|    148 | Cambrault   | 11000.00 |           0.30 |      50600.00 |


# 2.查询employees表中去除重复的job_id以后的数据
SElECT DISTINCT job_id FROM employees;
+------------+
| job_id     |
+------------+
| AC_ACCOUNT |
| AC_MGR     |
| AD_ASST    |
| AD_PRES    |
| AD_VP      |
| FI_ACCOUNT |
| FI_MGR     |
| HR_REP     |
| IT_PROG    |
| MK_MAN     |
| MK_REP     |
| PR_REP     |
| PU_CLERK   |
| PU_MAN     |
| SA_MAN     |
| SA_REP     |
| SH_CLERK   |
| ST_CLERK   |
| ST_MAN     |
+------------+
19 rows in set (0.00 sec)


# 3.查询工资大于12000的员工姓名和工资
SELECT last_name 员工姓名, salary 工资 FROM employees WHERE salary > 12000;
+-----------+----------+
| 员工姓名  | 工资     |
+-----------+----------+
| King      | 24000.00 |
| Kochhar   | 17000.00 |
| De Haan   | 17000.00 |
| Russell   | 14000.00 |
| Partners  | 13500.00 |
| Hartstein | 13000.00 |
+-----------+----------+
6 rows in set (0.00 sec)

# 4.查询员工号为176的员工的姓名和部门号
SELECT last_name 姓名, department_id 部门Id FROM employees WHERE employee_id = 176;
+--------+--------+
| 姓名   | 部门Id |
+--------+--------+
| Taylor |     80 |
+--------+--------+
1 row in set (0.00 sec)


# 5.显示表 departments 的结构，并查询其中的全部数据 
DESC departments;
+-----------------+-------------+------+-----+---------+-------+
| Field           | Type        | Null | Key | Default | Extra |
+-----------------+-------------+------+-----+---------+-------+
| department_id   | int         | NO   | PRI | 0       |       |
| department_name | varchar(30) | NO   |     | NULL    |       |
| manager_id      | int         | YES  | MUL | NULL    |       |
| location_id     | int         | YES  | MUL | NULL    |       |
+-----------------+-------------+------+-----+---------+-------+
4 rows in set (0.00 sec)
```

