

```sql
# 1.选择工资不在5000到12000的员工的姓名和工资

# 使用 < 和 > 运算符
select last_name, salary from employees where salary < 5000 or salary > 12000;

# 使用 not between and 运算符
select last_name, salary from employees where salary not between 5000 and 12000;

+-------------+----------+
| last_name   | salary   |
+-------------+----------+
| King        | 24000.00 |
| Kochhar     | 17000.00 |
| De Haan     | 17000.00 |
| Austin      |  4800.00 |
| Pataballa   |  4800.00 |
| Lorentz     |  4200.00 |
| Khoo        |  3100.00 |
| Baida       |  2900.00 |
| Tobias      |  2800.00 |
| Himuro      |  2600.00 |
| Colmenares  |  2500.00 |
| Nayer       |  3200.00 |
| Mikkilineni |  2700.00 |
| Landry      |  2400.00 |
| Markle      |  2200.00 |
| Bissot      |  3300.00 |
| Atkinson    |  2800.00 |
| Marlow      |  2500.00 |
| Olson       |  2100.00 |
| Mallin      |  3300.00 |
| Rogers      |  2900.00 |
| Gee         |  2400.00 |
| Philtanker  |  2200.00 |
| Ladwig      |  3600.00 |
| Stiles      |  3200.00 |
| Seo         |  2700.00 |
| Patel       |  2500.00 |
| Rajs        |  3500.00 |
| Davies      |  3100.00 |
| Matos       |  2600.00 |
| Vargas      |  2500.00 |
| Russell     | 14000.00 |
| Partners    | 13500.00 |
| Taylor      |  3200.00 |
| Fleaur      |  3100.00 |
| Sullivan    |  2500.00 |
| Geoni       |  2800.00 |
| Sarchand    |  4200.00 |
| Bull        |  4100.00 |
| Dellinger   |  3400.00 |
| Cabrio      |  3000.00 |
| Chung       |  3800.00 |
| Dilly       |  3600.00 |
| Gates       |  2900.00 |
| Perkins     |  2500.00 |
| Bell        |  4000.00 |
| Everett     |  3900.00 |
| McCain      |  3200.00 |
| Jones       |  2800.00 |
| Walsh       |  3100.00 |
| Feeney      |  3000.00 |
| OConnell    |  2600.00 |
| Grant       |  2600.00 |
| Whalen      |  4400.00 |
| Hartstein   | 13000.00 |
+-------------+----------+
55 rows in set (0.00 sec)
```

```sql
# 2.选择在20或50号部门工作的员工姓名和部门号

select last_name, department_id from employees where department_id in (20, 50);

+-------------+---------------+
| last_name   | department_id |
+-------------+---------------+
| Weiss       |            50 |
| Fripp       |            50 |
| Kaufling    |            50 |
| Vollman     |            50 |
| Mourgos     |            50 |
| Nayer       |            50 |
| Mikkilineni |            50 |
| Landry      |            50 |
| Markle      |            50 |
| Bissot      |            50 |
| Atkinson    |            50 |
| Marlow      |            50 |
| Olson       |            50 |
| Mallin      |            50 |
| Rogers      |            50 |
| Gee         |            50 |
| Philtanker  |            50 |
| Ladwig      |            50 |
| Stiles      |            50 |
| Seo         |            50 |
| Patel       |            50 |
| Rajs        |            50 |
| Davies      |            50 |
| Matos       |            50 |
| Vargas      |            50 |
| Taylor      |            50 |
| Fleaur      |            50 |
| Sullivan    |            50 |
| Geoni       |            50 |
| Sarchand    |            50 |
| Bull        |            50 |
| Dellinger   |            50 |
| Cabrio      |            50 |
| Chung       |            50 |
| Dilly       |            50 |
| Gates       |            50 |
| Perkins     |            50 |
| Bell        |            50 |
| Everett     |            50 |
| McCain      |            50 |
| Jones       |            50 |
| Walsh       |            50 |
| Feeney      |            50 |
| OConnell    |            50 |
| Grant       |            50 |
| Hartstein   |            20 |
| Fay         |            20 |
+-------------+---------------+
47 rows in set (0.00 sec)
```


```sql
# 3.选择公司中没有管理者的员工姓名及job_id
desc employees;
+----------------+-------------+------+-----+---------+-------+
| Field          | Type        | Null | Key | Default | Extra |
+----------------+-------------+------+-----+---------+-------+
| employee_id    | int         | NO   | PRI | 0       |       |
| first_name     | varchar(20) | YES  |     | NULL    |       |
| last_name      | varchar(25) | NO   |     | NULL    |       |
| email          | varchar(25) | NO   | UNI | NULL    |       |
| phone_number   | varchar(20) | YES  |     | NULL    |       |
| hire_date      | date        | NO   |     | NULL    |       |
| job_id         | varchar(10) | NO   | MUL | NULL    |       |
| salary         | double(8,2) | YES  |     | NULL    |       |
| commission_pct | double(2,2) | YES  |     | NULL    |       |
| manager_id     | int         | YES  | MUL | NULL    |       |
| department_id  | int         | YES  | MUL | NULL    |       |
+----------------+-------------+------+-----+---------+-------+
11 rows in set (0.00 sec)

# column is null
select last_name, job_id from employees where manager_id is null;
# isnull(column)
select last_name, job_id from employees where isnull(manager_id);
+-----------+---------+
| last_name | job_id  |
+-----------+---------+
| King      | AD_PRES |
+-----------+---------+
1 row in set (0.00 sec)
```

```sql
# 4.选择公司中有奖金的员工姓名，工资和奖金级别

select last_name, salary, commission_pct from employees where commission_pct is not null;
+------------+----------+----------------+
| last_name  | salary   | commission_pct |
+------------+----------+----------------+
| Russell    | 14000.00 |           0.40 |
| Partners   | 13500.00 |           0.30 |
| Errazuriz  | 12000.00 |           0.30 |
| Cambrault  | 11000.00 |           0.30 |
| Zlotkey    | 10500.00 |           0.20 |
| Tucker     | 10000.00 |           0.30 |
| Bernstein  |  9500.00 |           0.25 |
| Hall       |  9000.00 |           0.25 |
| Olsen      |  8000.00 |           0.20 |
| Cambrault  |  7500.00 |           0.20 |
| Tuvault    |  7000.00 |           0.15 |
| King       | 10000.00 |           0.35 |
| Sully      |  9500.00 |           0.35 |
| McEwen     |  9000.00 |           0.35 |
| Smith      |  8000.00 |           0.30 |
| Doran      |  7500.00 |           0.30 |
| Sewall     |  7000.00 |           0.25 |
| Vishney    | 10500.00 |           0.25 |
| Greene     |  9500.00 |           0.15 |
| Marvins    |  7200.00 |           0.10 |
| Lee        |  6800.00 |           0.10 |
| Ande       |  6400.00 |           0.10 |
| Banda      |  6200.00 |           0.10 |
| Ozer       | 11500.00 |           0.25 |
| Bloom      | 10000.00 |           0.20 |
| Fox        |  9600.00 |           0.20 |
| Smith      |  7400.00 |           0.15 |
| Bates      |  7300.00 |           0.15 |
| Kumar      |  6100.00 |           0.10 |
| Abel       | 11000.00 |           0.30 |
| Hutton     |  8800.00 |           0.25 |
| Taylor     |  8600.00 |           0.20 |
| Livingston |  8400.00 |           0.20 |
| Grant      |  7000.00 |           0.15 |
| Johnson    |  6200.00 |           0.10 |
+------------+----------+----------------+
35 rows in set (0.00 sec)
```

```sql
# 5.选择员工姓名的第三个字母是a的员工姓名

# 使用 like 模糊匹配
# _ 表示单个字符，% 表示任意个字符
select last_name from employees where last_name like '__a%';

# 使用正则表达式
# . 表示单个字符，^ 表示字符串开头
select last_name from employees where last_name regexp '^..a';

+-----------+
| last_name |
+-----------+
| Grant     |
| Grant     |
| Whalen    |
+-----------+
3 rows in set (0.00 sec)
```


```sql
# 6.选择姓名中有字母a和k的员工姓名

# 使用两次 like 模糊匹配，使用 and 关键字取交集
# like '%a%' 包含 a 字符的， like '%k%' 同时包含 k 字符的
select last_name from employees where last_name like '%a%' and last_name like '%k%';

# 使用正则表达式
# 'a.*k' 表示 a 字符后面任意个字符，最后以 k 结尾
select last_name from employees where last_name regexp 'a.*k|k.*a';

+------------+
| last_name  |
+------------+
| Kochhar    |
| Kaufling   |
| Markle     |
| Atkinson   |
| Philtanker |
| Kumar      |
+------------+
6 rows in set (0.00 sec)
```


```sql
# 7.显示出表 employees 表中 first_name 以 'e'结尾的员工信息

# 使用正则表达式
select last_name from employees where last_name regexp '[e]$';

# 使用 like 关键字
select last_name from employees where last_name like '%e';

+-----------+
| last_name |
+-----------+
| Markle    |
| Gee       |
| Greene    |
| Lee       |
| Ande      |
+-----------+
```


```sql
# 8.显示出表 employees 部门编号在 80-100 之间的姓名、工种

select last_name, job_id, department_id from employees where department_id between 80 and 100;
+------------+------------+---------------+
| last_name  | job_id     | department_id |
+------------+------------+---------------+
| King       | AD_PRES    |            90 |
| Kochhar    | AD_VP      |            90 |
| De Haan    | AD_VP      |            90 |
| Greenberg  | FI_MGR     |           100 |
| Faviet     | FI_ACCOUNT |           100 |
| Chen       | FI_ACCOUNT |           100 |
| Sciarra    | FI_ACCOUNT |           100 |
| Urman      | FI_ACCOUNT |           100 |
| Popp       | FI_ACCOUNT |           100 |
| Russell    | SA_MAN     |            80 |
| Partners   | SA_MAN     |            80 |
| Errazuriz  | SA_MAN     |            80 |
| Cambrault  | SA_MAN     |            80 |
| Zlotkey    | SA_MAN     |            80 |
| Tucker     | SA_REP     |            80 |
| Bernstein  | SA_REP     |            80 |
| Hall       | SA_REP     |            80 |
| Olsen      | SA_REP     |            80 |
| Cambrault  | SA_REP     |            80 |
| Tuvault    | SA_REP     |            80 |
| King       | SA_REP     |            80 |
| Sully      | SA_REP     |            80 |
| McEwen     | SA_REP     |            80 |
| Smith      | SA_REP     |            80 |
| Doran      | SA_REP     |            80 |
| Sewall     | SA_REP     |            80 |
| Vishney    | SA_REP     |            80 |
| Greene     | SA_REP     |            80 |
| Marvins    | SA_REP     |            80 |
| Lee        | SA_REP     |            80 |
| Ande       | SA_REP     |            80 |
| Banda      | SA_REP     |            80 |
| Ozer       | SA_REP     |            80 |
| Bloom      | SA_REP     |            80 |
| Fox        | SA_REP     |            80 |
| Smith      | SA_REP     |            80 |
| Bates      | SA_REP     |            80 |
| Kumar      | SA_REP     |            80 |
| Abel       | SA_REP     |            80 |
| Hutton     | SA_REP     |            80 |
| Taylor     | SA_REP     |            80 |
| Livingston | SA_REP     |            80 |
| Johnson    | SA_REP     |            80 |
+------------+------------+---------------+
43 rows in set (0.00 sec)

```


```sql
# 9.显示出表 employees 的 manager_id 是 100,101,110 的员工姓名、工资、管理者id

select last_name, salary, manager_id from employees where manager_id in (100, 101, 110);
+-----------+----------+------------+
| last_name | salary   | manager_id |
+-----------+----------+------------+
| Kochhar   | 17000.00 |        100 |
| De Haan   | 17000.00 |        100 |
| Raphaely  | 11000.00 |        100 |
| Weiss     |  8000.00 |        100 |
| Fripp     |  8200.00 |        100 |
| Kaufling  |  7900.00 |        100 |
| Vollman   |  6500.00 |        100 |
| Mourgos   |  5800.00 |        100 |
| Russell   | 14000.00 |        100 |
| Partners  | 13500.00 |        100 |
| Errazuriz | 12000.00 |        100 |
| Cambrault | 11000.00 |        100 |
| Zlotkey   | 10500.00 |        100 |
| Hartstein | 13000.00 |        100 |
| Greenberg | 12000.00 |        101 |
| Whalen    |  4400.00 |        101 |
| Mavris    |  6500.00 |        101 |
| Baer      | 10000.00 |        101 |
| Higgins   | 12000.00 |        101 |
+-----------+----------+------------+
19 rows in set (0.00 sec)
```

