

```sql
#1. 查询员工的姓名和部门号和年薪，按年薪降序,按姓名升序显示 

# 查看表结构
desc employees;
+----------------+-------------+------+-----+---------+-------+
| Field          | Type        | Null | Key | Default | Extra |
+----------------+-------------+------+-----+---------+-------+
| employee_id    | int         | NO   | PRI | 0       |       |
| first_name     | varchar(20) | YES  |     | NULL    |       |
| last_name      | varchar(25) | NO   |     | NULL    |       |
| email          | varchar(25) | NO   | UNI | NULL    |       |
| phone_number   | varchar(20) | YES  |     | NULL    |       |
| hire_date      | date        | NO   |     | NULL    |       |
| job_id         | varchar(10) | NO   | MUL | NULL    |       |
| salary         | double(8,2) | YES  |     | NULL    |       |
| commission_pct | double(2,2) | YES  |     | NULL    |       |
| manager_id     | int         | YES  | MUL | NULL    |       |
| department_id  | int         | YES  | MUL | NULL    |       |
+----------------+-------------+------+-----+---------+-------+
11 rows in set (0.01 sec)

# 查询
select last_name, (salary * 12) 年薪, department_id from employees order by 年薪 desc, last_name asc;
+-------------+-----------+---------------+
| last_name   | 年薪      | department_id |
+-------------+-----------+---------------+
| King        | 288000.00 |            90 |
| De Haan     | 204000.00 |            90 |
| Kochhar     | 204000.00 |            90 |
| Russell     | 168000.00 |            80 |
| Partners    | 162000.00 |            80 |
| Hartstein   | 156000.00 |            20 |
| Errazuriz   | 144000.00 |            80 |
| Greenberg   | 144000.00 |           100 |
| Higgins     | 144000.00 |           110 |
| Ozer        | 138000.00 |            80 |
| Abel        | 132000.00 |            80 |
| Cambrault   | 132000.00 |            80 |
| Raphaely    | 132000.00 |            30 |
| Vishney     | 126000.00 |            80 |
| Zlotkey     | 126000.00 |            80 |
| Baer        | 120000.00 |            70 |
| Bloom       | 120000.00 |            80 |
| King        | 120000.00 |            80 |
| Tucker      | 120000.00 |            80 |
| Fox         | 115200.00 |            80 |
| Bernstein   | 114000.00 |            80 |
```

```sql
#2. 选择工资不在 8000 到 17000 的员工的姓名和工资，按工资降序，显示第21到40位置的数据 

# 分页起始的 index 为0
select last_name, salary from employees where salary not between 8000 and 17000 order by salary desc limit 20, 20;
+-----------+---------+
| last_name | salary  |
+-----------+---------+
| Ernst     | 6000.00 |
| Fay       | 6000.00 |
| Mourgos   | 5800.00 |
| Austin    | 4800.00 |
| Pataballa | 4800.00 |
| Whalen    | 4400.00 |
| Lorentz   | 4200.00 |
| Sarchand  | 4200.00 |
| Bull      | 4100.00 |
| Bell      | 4000.00 |
| Everett   | 3900.00 |
| Chung     | 3800.00 |
| Dilly     | 3600.00 |
| Ladwig    | 3600.00 |
| Rajs      | 3500.00 |
| Dellinger | 3400.00 |
| Bissot    | 3300.00 |
| Mallin    | 3300.00 |
| Stiles    | 3200.00 |
| Nayer     | 3200.00 |
+-----------+---------+
20 rows in set (0.00 sec)
```


```sql
#3. 查询邮箱中包含 e 的员工信息，并先按邮箱的字节数降序，再按部门号升

select last_name, email, department_id from employees where email like '%e%' order by length(email) desc, department_id asc;
+------------+----------+---------------+
| last_name  | email    | department_id |
+------------+----------+---------------+
| Hartstein  | MHARTSTE |            20 |
| Raphaely   | DRAPHEAL |            30 |
| Colmenares | KCOLMENA |            30 |
| Dellinger  | JDELLING |            50 |
| Perkins    | RPERKINS |            50 |
| Everett    | BEVERETT |            50 |
| OConnell   | DOCONNEL |            50 |
| Lorentz    | DLORENTZ |            60 |
| Zlotkey    | EZLOTKEY |            80 |
| Vishney    | CVISHNEY |            80 |
| Bernstein  | DBERNSTE |            80 |
| Partners   | KPARTNER |            80 |
| Errazuriz  | AERRAZUR |            80 |
| Greenberg  | NGREENBE |           100 |
| Whalen     | JWHALEN  |            10 |
| Markle     | SMARKLE  |            50 |
| Rogers     | MROGERS  |            50 |
| Stiles     | SSTILES  |            50 |
| Davies     | CDAVIES  |            50 |
| Fleaur     | JFLEAUR  |            50 |
| Feeney     | KFEENEY  |            50 |
| Greene     | DGREENE  |            80 |
| Tucker     | PTUCKER  |            80 |
| Sewall     | SSEWALL  |            80 |
| McEwen     | AMCEWEN  |            80 |
| Russell    | JRUSSEL  |            80 |
| De Haan    | LDEHAAN  |            90 |
| Faviet     | DFAVIET  |           100 |
| Gates      | TGATES   |            50 |
| Weiss      | MWEISS   |            50 |
| Jones      | VJONES   |            50 |
| Geoni      | GGEONI   |            50 |
| Nayer      | JNAYER   |            50 |
| Patel      | JPATEL   |            50 |
| Ernst      | BERNST   |            60 |
| Olsen      | COLSEN   |            80 |
| Bates      | EBATES   |            80 |
| Gietz      | WGIETZ   |           110 |
| Bell       | SBELL    |            50 |
| Baer       | HBAER    |            70 |
| Ande       | SANDE    |            80 |
| Ozer       | LOZER    |            80 |
| Abel       | EABEL    |            80 |
| Chen       | JCHEN    |           100 |
| Gee        | KGEE     |            50 |
| Seo        | JSEO     |            50 |
| Lee        | DLEE     |            80 |
+------------+----------+---------------+
47 rows in set (0.00 sec)
```
