


```sql
# 1.显示系统时间(注：日期+时间)

select curdate(), curtime(), current_date(), current_time(), now(), sysdate(), current_timestamp() from dual;
+------------+-----------+----------------+----------------+---------------------+---------------------+---------------------+
| curdate()  | curtime() | current_date() | current_time() | now()               | sysdate()           | current_timestamp() |
+------------+-----------+----------------+----------------+---------------------+---------------------+---------------------+
| 2025-05-25 | 10:56:57  | 2025-05-25     | 10:56:57       | 2025-05-25 10:56:57 | 2025-05-25 10:56:57 | 2025-05-25 10:56:57 |
+------------+-----------+----------------+----------------+---------------------+---------------------+---------------------+
1 row in set (0.00 sec)
```

```sql
# 2.查询员工号，姓名，工资，以及工资提高百分之20%后的结果（new salary）

select employee_id, last_name, salary, (salary * 1.2) 'new salary' from employees;
+-------------+-------------+----------+------------+
| employee_id | last_name   | salary   | new salary |
+-------------+-------------+----------+------------+
|         100 | King        | 24000.00 |   28800.00 |
|         101 | Kochhar     | 17000.00 |   20400.00 |
|         102 | De Haan     | 17000.00 |   20400.00 |
|         103 | Hunold      |  9000.00 |   10800.00 |
|         104 | Ernst       |  6000.00 |    7200.00 |
|         105 | Austin      |  4800.00 |    5760.00 |
|         106 | Pataballa   |  4800.00 |    5760.00 |
...
```


```sql
# 3.将员工的姓名按首字母排序，并写出姓名的长度（length）

select last_name, length(last_name) from employees order by last_name;
+-------------+-------------------+
| last_name   | length(last_name) |
+-------------+-------------------+
| Abel        |                 4 |
| Ande        |                 4 |
| Atkinson    |                 8 |
| Austin      |                 6 |
| Baer        |                 4 |
| Baida       |                 5 |
| Banda       |                 5 |
| Bates       |                 5 |
| Bell        |                 4 |
| Bernstein   |                 9 |
| Bissot      |                 6 |
| Bloom       |                 5 |
| Bull        |                 4 |
...
```

```sql
# 4.查询员工id,last_name,salary，并作为一个列输出，别名为OUT_PUT

select concat(employee_id, ':', last_name, ':', salary) OUTPUT from employees;
+-------------------------+
| OUTPUT                  |
+-------------------------+
| 100:King:24000.00       |
| 101:Kochhar:17000.00    |
| 102:De Haan:17000.00    |
| 103:Hunold:9000.00      |
| 104:Ernst:6000.00       |
| 105:Austin:4800.00      |
| 106:Pataballa:4800.00   |
| 107:Lorentz:4200.00     |
| 108:Greenberg:12000.00  |
| 109:Faviet:9000.00      |
| 110:Chen:8200.00        |
| 111:Sciarra:7700.00     |
| 112:Urman:7800.00       |
| 113:Popp:6900.00        |
| 114:Raphaely:11000.00   |
| 115:Khoo:3100.00        |
...
```

```sql
# 5.查询公司各员工工作的年数、工作的天数，并按工作年数的降序排序
desc employees;
+----------------+-------------+------+-----+---------+-------+
| Field          | Type        | Null | Key | Default | Extra |
+----------------+-------------+------+-----+---------+-------+
| employee_id    | int         | NO   | PRI | 0       |       |
| first_name     | varchar(20) | YES  |     | NULL    |       |
| last_name      | varchar(25) | NO   |     | NULL    |       |
| email          | varchar(25) | NO   | UNI | NULL    |       |
| phone_number   | varchar(20) | YES  |     | NULL    |       |
| hire_date      | date        | NO   |     | NULL    |       |
| job_id         | varchar(10) | NO   | MUL | NULL    |       |
| salary         | double(8,2) | YES  |     | NULL    |       |
| commission_pct | double(2,2) | YES  |     | NULL    |       |
| manager_id     | int         | YES  | MUL | NULL    |       |
| department_id  | int         | YES  | MUL | NULL    |       |
+----------------+-------------+------+-----+---------+-------+
11 rows in set (0.00 sec)

# datediff() 查询两个日期之间的差值
select datediff(current_date(), emp.hire_date) worked_days, datediff(current_date(), emp.hire_date) / 365 workd_years from employees as emp order by workd_years desc;
+-------------+-------------+
| worked_days | workd_years |
+-------------+-------------+
|       13858 |     37.9671 |
|       13766 |     37.7151 |
|       13031 |     35.7014 |
|       12927 |     35.4164 |
|       12424 |     34.0384 |
```

```sql
# 6.查询员工姓名，hire_date , department_id，满足以下条件：雇用时间在1997年之后，department_id 为80 或 90 或110, commission_pct不为空

select last_name, hire_date, department_id from employees where hire_date >= '1997-01-01' and department_id in (80, 90, 110) and commission_pct is not null;

+------------+------------+---------------+
| last_name  | hire_date  | department_id |
+------------+------------+---------------+
| Partners   | 1997-01-05 |            80 |
| Errazuriz  | 1997-03-10 |            80 |
| Cambrault  | 1999-10-15 |            80 |
| Zlotkey    | 2000-01-29 |            80 |
| Tucker     | 1997-01-30 |            80 |
| Bernstein  | 1997-03-24 |            80 |
| Hall       | 1997-08-20 |            80 |
| Olsen      | 1998-03-30 |            80 |
| Cambrault  | 1998-12-09 |            80 |
| Tuvault    | 1999-11-23 |            80 |
| Smith      | 1997-03-10 |            80 |
| Doran      | 1997-12-15 |            80 |
| Sewall     | 1998-11-03 |            80 |
| Vishney    | 1997-11-11 |            80 |
| Greene     | 1999-03-19 |            80 |
| Marvins    | 2000-01-24 |            80 |
| Lee        | 2000-02-23 |            80 |
| Ande       | 2000-03-24 |            80 |
| Banda      | 2000-04-21 |            80 |
| Ozer       | 1997-03-11 |            80 |
| Bloom      | 1998-03-23 |            80 |
| Fox        | 1998-01-24 |            80 |
| Smith      | 1999-02-23 |            80 |
| Bates      | 1999-03-24 |            80 |
| Kumar      | 2000-04-21 |            80 |
| Hutton     | 1997-03-19 |            80 |
| Taylor     | 1998-03-24 |            80 |
| Livingston | 1998-04-23 |            80 |
| Johnson    | 2000-01-04 |            80 |
+------------+------------+---------------+
29 rows in set (0.00 sec)
```


```sql
# 7.查询公司中入职超过10000天的员工姓名、入职时间

select last_name, hire_date from employees where datediff(sysdate(), hire_date) > 10000;
+-----------+------------+
| last_name | hire_date  |
+-----------+------------+
| King      | 1987-06-17 |
| Kochhar   | 1989-09-21 |
| De Haan   | 1993-01-13 |
| Hunold    | 1990-01-03 |
| Ernst     | 1991-05-21 |
| Austin    | 1997-06-25 |
| Greenberg | 1994-08-17 |
| Faviet    | 1994-08-16 |
| Chen      | 1997-09-28 |
| Sciarra   | 1997-09-30 |
| Raphaely  | 1994-12-07 |
| Khoo      | 1995-05-18 |
| Baida     | 1997-12-24 |
| Tobias    | 1997-07-24 |
| Weiss     | 1996-07-18 |
| Fripp     | 1997-04-10 |
| Kaufling  | 1995-05-01 |
| Vollman   | 1997-10-10 |
| Nayer     | 1997-07-16 |
| Bissot    | 1997-08-20 |
| Atkinson  | 1997-10-30 |
| Marlow    | 1997-02-16 |
| Mallin    | 1996-06-14 |
| Ladwig    | 1995-07-14 |
| Stiles    | 1997-10-26 |
| Rajs      | 1995-10-17 |
| Davies    | 1997-01-29 |
| Russell   | 1996-10-01 |
| Partners  | 1997-01-05 |
| Errazuriz | 1997-03-10 |
| Tucker    | 1997-01-30 |
| Bernstein | 1997-03-24 |
| Hall      | 1997-08-20 |
| King      | 1996-01-30 |
| Sully     | 1996-03-04 |
| McEwen    | 1996-08-01 |
| Smith     | 1997-03-10 |
| Doran     | 1997-12-15 |
| Vishney   | 1997-11-11 |
| Ozer      | 1997-03-11 |
| Abel      | 1996-05-11 |
| Hutton    | 1997-03-19 |
| Sarchand  | 1996-01-27 |
| Bull      | 1997-02-20 |
| Chung     | 1997-06-14 |
| Dilly     | 1997-08-13 |
| Bell      | 1996-02-04 |
| Everett   | 1997-03-03 |
| Whalen    | 1987-09-17 |
| Hartstein | 1996-02-17 |
| Fay       | 1997-08-17 |
| Mavris    | 1994-06-07 |
| Baer      | 1994-06-07 |
| Higgins   | 1994-06-07 |
| Gietz     | 1994-06-07 |
+-----------+------------+
55 rows in set (0.00 sec)
```

```sql
# 8.做一个查询，产生下面的结果
-- <last_name> earns `<salary>` monthly but wants <salary*3>
-- Dream Salary
-- King earns 24000 monthly but wants 72000

select concat(last_name, ' earns ', truncate(salary, 0), ' monthly but wants ', truncate(salary * 3, 0)) from employees;
+---------------------------------------------------------------------------------------------------+
| concat(last_name, ' earns ', truncate(salary, 0), ' monthly but wants ', truncate(salary * 3, 0)) |
+---------------------------------------------------------------------------------------------------+
| King earns 24000 monthly but wants 72000                                                          |
| Kochhar earns 17000 monthly but wants 51000                                                       |
| De Haan earns 17000 monthly but wants 51000                                                       |
| Hunold earns 9000 monthly but wants 27000                                                         |
| Ernst earns 6000 monthly but wants 18000                                                          |
| Austin earns 4800 monthly but wants 14400                                                         |
```


```sql 
# 9.使用case-when，按照下面的条件：

-- job                  grade
-- AD_PRES              A
-- ST_MAN               B
-- IT_PROG              C
-- SA_REP               D
-- ST_CLERK             E

-- 产生下面的结果
-- Last_name    Job_id  Grade
-- king         AD_PRES A

select last_name, job_id, case job_id when 'AD_PRES' THEN 'A' WHEN 'ST_MAN' THEN 'B' ELSE 'F' END 'grade' from employees;
+-------------+------------+-------+
| last_name   | job_id     | grade |
+-------------+------------+-------+
| King        | AD_PRES    | A     |
| Kochhar     | AD_VP      | F     |
| De Haan     | AD_VP      | F     |
| Hunold      | IT_PROG    | F     |
| Ernst       | IT_PROG    | F     |
| Austin      | IT_PROG    | F     |
| Pataballa   | IT_PROG    | F     |
| Lorentz     | IT_PROG    | F     |
| Greenberg   | FI_MGR     | F     |
```
