
```sql
#1.where子句可否使用组函数进行过滤? 
NO
```

```sql
#2.查询公司员工工资的最大值，最小值，平均值，总和

select max(salary), min(salary), avg(salary), sum(salary) from employees;
+-------------+-------------+-------------+-------------+
| max(salary) | min(salary) | avg(salary) | sum(salary) |
+-------------+-------------+-------------+-------------+
|    24000.00 |     2100.00 | 6461.682243 |   691400.00 |
+-------------+-------------+-------------+-------------+
1 row in set (0.01 sec)
```

```sql
#3.查询各job_id的员工工资的最大值，最小值，平均值，总和

select job_id, max(salary), min(salary), avg(salary), sum(salary) from employees group by job_id;
+------------+-------------+-------------+--------------+-------------+
| job_id     | max(salary) | min(salary) | avg(salary)  | sum(salary) |
+------------+-------------+-------------+--------------+-------------+
| AC_ACCOUNT |     8300.00 |     8300.00 |  8300.000000 |     8300.00 |
| AC_MGR     |    12000.00 |    12000.00 | 12000.000000 |    12000.00 |
| AD_ASST    |     4400.00 |     4400.00 |  4400.000000 |     4400.00 |
| AD_PRES    |    24000.00 |    24000.00 | 24000.000000 |    24000.00 |
| AD_VP      |    17000.00 |    17000.00 | 17000.000000 |    34000.00 |
| FI_ACCOUNT |     9000.00 |     6900.00 |  7920.000000 |    39600.00 |
| FI_MGR     |    12000.00 |    12000.00 | 12000.000000 |    12000.00 |
| HR_REP     |     6500.00 |     6500.00 |  6500.000000 |     6500.00 |
| IT_PROG    |     9000.00 |     4200.00 |  5760.000000 |    28800.00 |
| MK_MAN     |    13000.00 |    13000.00 | 13000.000000 |    13000.00 |
| MK_REP     |     6000.00 |     6000.00 |  6000.000000 |     6000.00 |
| PR_REP     |    10000.00 |    10000.00 | 10000.000000 |    10000.00 |
| PU_CLERK   |     3100.00 |     2500.00 |  2780.000000 |    13900.00 |
| PU_MAN     |    11000.00 |    11000.00 | 11000.000000 |    11000.00 |
| SA_MAN     |    14000.00 |    10500.00 | 12200.000000 |    61000.00 |
| SA_REP     |    11500.00 |     6100.00 |  8350.000000 |   250500.00 |
| SH_CLERK   |     4200.00 |     2500.00 |  3215.000000 |    64300.00 |
| ST_CLERK   |     3600.00 |     2100.00 |  2785.000000 |    55700.00 |
| ST_MAN     |     8200.00 |     5800.00 |  7280.000000 |    36400.00 |
+------------+-------------+-------------+--------------+-------------+
19 rows in set (0.00 sec)
```


```sql
#4.选择具有各个job_id的员工人数

select job_id, count(*) from employees group by job_id;
+------------+----------+
| job_id     | count(*) |
+------------+----------+
| AC_ACCOUNT |        1 |
| AC_MGR     |        1 |
| AD_ASST    |        1 |
| AD_PRES    |        1 |
| AD_VP      |        2 |
| FI_ACCOUNT |        5 |
| FI_MGR     |        1 |
| HR_REP     |        1 |
| IT_PROG    |        5 |
| MK_MAN     |        1 |
| MK_REP     |        1 |
| PR_REP     |        1 |
| PU_CLERK   |        5 |
| PU_MAN     |        1 |
| SA_MAN     |        5 |
| SA_REP     |       30 |
| SH_CLERK   |       20 |
| ST_CLERK   |       20 |
| ST_MAN     |        5 |
+------------+----------+
19 rows in set (0.00 sec)
```


```sql
# 5.查询员工最高工资和最低工资的差距（DIFFERENCE）

select max(salary), min(salary), max(salary) - min(salary) DIFFERENCE from employees;
+-------------+-------------+------------+
| max(salary) | min(salary) | DIFFERENCE |
+-------------+-------------+------------+
|    24000.00 |     2100.00 |   21900.00 |
+-------------+-------------+------------+
1 row in set (0.00 sec)
```

```sql
# 6.查询各个管理者手下员工的最低工资，其中最低工资不能低于6000，没有管理者的员工不计算在内

select manager_id, min(salary) from employees where manager_id is not null group by manager_id having min(salary) > 6000;
+------------+-------------+
| manager_id | min(salary) |
+------------+-------------+
|        102 |     9000.00 |
|        108 |     6900.00 |
|        145 |     7000.00 |
|        146 |     7000.00 |
|        147 |     6200.00 |
|        148 |     6100.00 |
|        149 |     6200.00 |
|        205 |     8300.00 |
+------------+-------------+
8 rows in set (0.00 sec)
```

```sql
# 7.查询所有部门的名字，location_id，员工数量和平均工资，并按平均工资降序 

select dept.department_name, dept.department_id, dept.location_id, count(emp.employee_id), avg(emp.salary) from departments as dept left join employees as emp on dept.department_id = emp.department_id group by dept.department_id, dept.location_id order by avg(emp.salary) desc;

+----------------------+---------------+-------------+------------------------+-----------------+
| department_name      | department_id | location_id | count(emp.employee_id) | avg(emp.salary) |
+----------------------+---------------+-------------+------------------------+-----------------+
| Executive            |            90 |        1700 |                      3 |    19333.333333 |
| Accounting           |           110 |        1700 |                      2 |    10150.000000 |
| Public Relations     |            70 |        2700 |                      1 |    10000.000000 |
| Marketing            |            20 |        1800 |                      2 |     9500.000000 |
| Sales                |            80 |        2500 |                     34 |     8955.882353 |
| Finance              |           100 |        1700 |                      6 |     8600.000000 |
| Human Resources      |            40 |        2400 |                      1 |     6500.000000 |
| IT                   |            60 |        1400 |                      5 |     5760.000000 |
| Administration       |            10 |        1700 |                      1 |     4400.000000 |
| Purchasing           |            30 |        1700 |                      6 |     4150.000000 |
| Shipping             |            50 |        1500 |                     45 |     3475.555556 |
| Treasury             |           120 |        1700 |                      0 |            NULL |
| Corporate Tax        |           130 |        1700 |                      0 |            NULL |
| Control And Credit   |           140 |        1700 |                      0 |            NULL |
| Shareholder Services |           150 |        1700 |                      0 |            NULL |
| Benefits             |           160 |        1700 |                      0 |            NULL |
| Manufacturing        |           170 |        1700 |                      0 |            NULL |
| Construction         |           180 |        1700 |                      0 |            NULL |
| Contracting          |           190 |        1700 |                      0 |            NULL |
| Operations           |           200 |        1700 |                      0 |            NULL |
| IT Support           |           210 |        1700 |                      0 |            NULL |
| NOC                  |           220 |        1700 |                      0 |            NULL |
| IT Helpdesk          |           230 |        1700 |                      0 |            NULL |
| Government Sales     |           240 |        1700 |                      0 |            NULL |
| Retail Sales         |           250 |        1700 |                      0 |            NULL |
| Recruiting           |           260 |        1700 |                      0 |            NULL |
| Payroll              |           270 |        1700 |                      0 |            NULL |
+----------------------+---------------+-------------+------------------------+-----------------+
27 rows in set (0.00 sec)
```
