
```sql
#1.查询和Zlotkey相同部门的员工姓名和工资

select last_name, salary, department_id from employees where department_id = (select department_id from employees where last_name = 'Zlotkey');

+------------+----------+---------------+
| last_name  | salary   | department_id |
+------------+----------+---------------+
| Russell    | 14000.00 |            80 |
| Partners   | 13500.00 |            80 |
| Errazuriz  | 12000.00 |            80 |
| Cambrault  | 11000.00 |            80 |
| Zlotkey    | 10500.00 |            80 |
| Tucker     | 10000.00 |            80 |
| Bernstein  |  9500.00 |            80 |
| Hall       |  9000.00 |            80 |
| Olsen      |  8000.00 |            80 |
| Cambrault  |  7500.00 |            80 |
| Tuvault    |  7000.00 |            80 |
| King       | 10000.00 |            80 |
| Sully      |  9500.00 |            80 |
| McEwen     |  9000.00 |            80 |
| Smith      |  8000.00 |            80 |
| Doran      |  7500.00 |            80 |
| Sewall     |  7000.00 |            80 |
| Vishney    | 10500.00 |            80 |
| Greene     |  9500.00 |            80 |
| Marvins    |  7200.00 |            80 |
| Lee        |  6800.00 |            80 |
| Ande       |  6400.00 |            80 |
| Banda      |  6200.00 |            80 |
| Ozer       | 11500.00 |            80 |
| Bloom      | 10000.00 |            80 |
| Fox        |  9600.00 |            80 |
| Smith      |  7400.00 |            80 |
| Bates      |  7300.00 |            80 |
| Kumar      |  6100.00 |            80 |
| Abel       | 11000.00 |            80 |
| Hutton     |  8800.00 |            80 |
| Taylor     |  8600.00 |            80 |
| Livingston |  8400.00 |            80 |
| Johnson    |  6200.00 |            80 |
+------------+----------+---------------+
34 rows in set (0.00 sec)
```

```sql
#2.查询工资比公司平均工资高的员工的员工号，姓名和工资。

select employee_id, last_name, salary from employees where salary > (select avg(salary) from employees);

+-------------+------------+----------+
| employee_id | last_name  | salary   |
+-------------+------------+----------+
|         100 | King       | 24000.00 |
|         101 | Kochhar    | 17000.00 |
|         102 | De Haan    | 17000.00 |
|         103 | Hunold     |  9000.00 |
|         108 | Greenberg  | 12000.00 |
|         109 | Faviet     |  9000.00 |
|         110 | Chen       |  8200.00 |
|         111 | Sciarra    |  7700.00 |
|         112 | Urman      |  7800.00 |
|         113 | Popp       |  6900.00 |
|         114 | Raphaely   | 11000.00 |
|         120 | Weiss      |  8000.00 |
|         121 | Fripp      |  8200.00 |
|         122 | Kaufling   |  7900.00 |
|         123 | Vollman    |  6500.00 |
|         145 | Russell    | 14000.00 |
|         146 | Partners   | 13500.00 |
|         147 | Errazuriz  | 12000.00 |
|         148 | Cambrault  | 11000.00 |
|         149 | Zlotkey    | 10500.00 |
|         150 | Tucker     | 10000.00 |
|         151 | Bernstein  |  9500.00 |
|         152 | Hall       |  9000.00 |
|         153 | Olsen      |  8000.00 |
|         154 | Cambrault  |  7500.00 |
|         155 | Tuvault    |  7000.00 |
|         156 | King       | 10000.00 |
|         157 | Sully      |  9500.00 |
|         158 | McEwen     |  9000.00 |
|         159 | Smith      |  8000.00 |
|         160 | Doran      |  7500.00 |
|         161 | Sewall     |  7000.00 |
|         162 | Vishney    | 10500.00 |
|         163 | Greene     |  9500.00 |
|         164 | Marvins    |  7200.00 |
|         165 | Lee        |  6800.00 |
|         168 | Ozer       | 11500.00 |
|         169 | Bloom      | 10000.00 |
|         170 | Fox        |  9600.00 |
|         171 | Smith      |  7400.00 |
|         172 | Bates      |  7300.00 |
|         174 | Abel       | 11000.00 |
|         175 | Hutton     |  8800.00 |
|         176 | Taylor     |  8600.00 |
|         177 | Livingston |  8400.00 |
|         178 | Grant      |  7000.00 |
|         201 | Hartstein  | 13000.00 |
|         203 | Mavris     |  6500.00 |
|         204 | Baer       | 10000.00 |
|         205 | Higgins    | 12000.00 |
|         206 | Gietz      |  8300.00 |
+-------------+------------+----------+
51 rows in set (0.00 sec)
```

```sql
#3.选择工资大于所有JOB_ID = 'SA_MAN'的员工的工资的员工的last_name, job_id, salary

select last_name, job_id, salary from employees where salary > all (select salary from employees where job_id = 'SA_MAN');
+-----------+---------+----------+
| last_name | job_id  | salary   |
+-----------+---------+----------+
| King      | AD_PRES | 24000.00 |
| Kochhar   | AD_VP   | 17000.00 |
| De Haan   | AD_VP   | 17000.00 |
+-----------+---------+----------+
3 rows in set (0.00 sec)
```

```sql
#4.查询和姓名中包含字母u的员工在相同部门的员工的员工号和姓名

select employee_id, last_name from employees as e1 where exists (select * from employees as e2 where e2.last_name like '%u%' and e2.department_id = e1.department_id);

+-------------+-------------+
| employee_id | last_name   |
+-------------+-------------+
|         103 | Hunold      |
|         104 | Ernst       |
|         105 | Austin      |
|         106 | Pataballa   |
|         107 | Lorentz     |
|         108 | Greenberg   |
|         109 | Faviet      |
|         110 | Chen        |
|         111 | Sciarra     |
|         112 | Urman       |
|         113 | Popp        |
|         114 | Raphaely    |
|         115 | Khoo        |
|         116 | Baida       |
|         117 | Tobias      |
|         118 | Himuro      |
|         119 | Colmenares  |
|         120 | Weiss       |
|         121 | Fripp       |
|         122 | Kaufling    |
|         123 | Vollman     |
|         124 | Mourgos     |
|         125 | Nayer       |
|         126 | Mikkilineni |
|         127 | Landry      |
|         128 | Markle      |
|         129 | Bissot      |
|         130 | Atkinson    |
|         131 | Marlow      |
|         132 | Olson       |
|         133 | Mallin      |
|         134 | Rogers      |
|         135 | Gee         |
|         136 | Philtanker  |
|         137 | Ladwig      |
|         138 | Stiles      |
|         139 | Seo         |
|         140 | Patel       |
|         141 | Rajs        |
|         142 | Davies      |
|         143 | Matos       |
|         144 | Vargas      |
|         180 | Taylor      |
|         181 | Fleaur      |
|         182 | Sullivan    |
|         183 | Geoni       |
|         184 | Sarchand    |
|         185 | Bull        |
|         186 | Dellinger   |
|         187 | Cabrio      |
|         188 | Chung       |
|         189 | Dilly       |
|         190 | Gates       |
|         191 | Perkins     |
|         192 | Bell        |
|         193 | Everett     |
|         194 | McCain      |
|         195 | Jones       |
|         196 | Walsh       |
|         197 | Feeney      |
|         198 | OConnell    |
|         199 | Grant       |
|         145 | Russell     |
|         146 | Partners    |
|         147 | Errazuriz   |
|         148 | Cambrault   |
|         149 | Zlotkey     |
|         150 | Tucker      |
|         151 | Bernstein   |
|         152 | Hall        |
|         153 | Olsen       |
|         154 | Cambrault   |
|         155 | Tuvault     |
|         156 | King        |
|         157 | Sully       |
|         158 | McEwen      |
|         159 | Smith       |
|         160 | Doran       |
|         161 | Sewall      |
|         162 | Vishney     |
|         163 | Greene      |
|         164 | Marvins     |
|         165 | Lee         |
|         166 | Ande        |
|         167 | Banda       |
|         168 | Ozer        |
|         169 | Bloom       |
|         170 | Fox         |
|         171 | Smith       |
|         172 | Bates       |
|         173 | Kumar       |
|         174 | Abel        |
|         175 | Hutton      |
|         176 | Taylor      |
|         177 | Livingston  |
|         179 | Johnson     |
+-------------+-------------+
96 rows in set (0.00 sec)
```

```sql
#5.查询在部门的location_id为1700的部门工作的员工的员工号

select employee_id from employees where department_id in (select department_id from departments where location_id = 1700);
+-------------+
| employee_id |
+-------------+
|         200 |
|         114 |
|         115 |
|         116 |
|         117 |
|         118 |
|         119 |
|         100 |
|         101 |
|         102 |
|         108 |
|         109 |
|         110 |
|         111 |
|         112 |
|         113 |
|         205 |
|         206 |
+-------------+
18 rows in set (0.00 sec)
```

```sql
#6.查询管理者是King的员工姓名和工资

select last_name, salary from employees where manager_id in (select employee_id from employees where last_name = 'King');
+-----------+----------+
| last_name | salary   |
+-----------+----------+
| Kochhar   | 17000.00 |
| De Haan   | 17000.00 |
| Raphaely  | 11000.00 |
| Weiss     |  8000.00 |
| Fripp     |  8200.00 |
| Kaufling  |  7900.00 |
| Vollman   |  6500.00 |
| Mourgos   |  5800.00 |
| Russell   | 14000.00 |
| Partners  | 13500.00 |
| Errazuriz | 12000.00 |
| Cambrault | 11000.00 |
| Zlotkey   | 10500.00 |
| Hartstein | 13000.00 |
+-----------+----------+
14 rows in set (0.00 sec)
```

```sql
#7.查询工资最低的员工信息: last_name, salary

select last_name, salary from employees where salary = (select min(salary) from employees);
+-----------+---------+
| last_name | salary  |
+-----------+---------+
| Olson     | 2100.00 |
+-----------+---------+
1 row in set (0.00 sec)

```

```sql
#8.查询平均工资最低的部门信息

select * from departments 
    where department_id = 
        (select department_id from employees group by department_id having avg(salary) 
            <= all (select avg(salary) from employees group by department_id)
        );

+---------------+-----------------+------------+-------------+
| department_id | department_name | manager_id | location_id |
+---------------+-----------------+------------+-------------+
|            50 | Shipping        |        121 |        1500 |
+---------------+-----------------+------------+-------------+
1 row in set (0.00 sec)

select * from departments where department_id = (select department_id from employees group by department_id having avg(salary) = (select avg(salary) from employees group by department_id order by avg(salary) asc limit 0, 1));
+---------------+-----------------+------------+-------------+
| department_id | department_name | manager_id | location_id |
+---------------+-----------------+------------+-------------+
|            50 | Shipping        |        121 |        1500 |
+---------------+-----------------+------------+-------------+
1 row in set (0.00 sec)
```

```sql
#9.查询平均工资最低的部门信息和该部门的平均工资（相关子查询）

select 
dept.*, (select avg(salary) from employees group by department_id having department_id = dept.department_id) dept_avg_salary 
from departments as dept 
where department_id = 
(select department_id from employees group by department_id having avg(salary) <= all (select avg(salary) from employees group by department_id));
+---------------+-----------------+------------+-------------+-----------------+
| department_id | department_name | manager_id | location_id | dept_avg_salary |
+---------------+-----------------+------------+-------------+-----------------+
|            50 | Shipping        |        121 |        1500 |     3475.555556 |
+---------------+-----------------+------------+-------------+-----------------+
1 row in set (0.00 sec)
```


```sql
#10.查询平均工资最高的 job 信息

select * from jobs where job_id = (select job_id from employees group by job_id having avg(salary) >= all (select avg(salary) from employees group by job_id));
+---------+-----------+------------+------------+
| job_id  | job_title | min_salary | max_salary |
+---------+-----------+------------+------------+
| AD_PRES | President |      20000 |      40000 |
+---------+-----------+------------+------------+
1 row in set (0.03 sec)

select * from jobs where job_id = (select job_id from employees group by job_id having avg(salary) = (select avg(salary) from employees group by job_id order by avg(salary) desc limit 0, 1));
+---------+-----------+------------+------------+
| job_id  | job_title | min_salary | max_salary |
+---------+-----------+------------+------------+
| AD_PRES | President |      20000 |      40000 |
+---------+-----------+------------+------------+
1 row in set (0.00 sec)
```

```sql
#11.查询平均工资高于公司平均工资的部门有哪些?

select * from departments where department_id in (select department_id from employees group by department_id having avg(salary) > (select avg(salary) from employees));
+---------------+------------------+------------+-------------+
| department_id | department_name  | manager_id | location_id |
+---------------+------------------+------------+-------------+
|            20 | Marketing        |        201 |        1800 |
|            40 | Human Resources  |        203 |        2400 |
|            70 | Public Relations |        204 |        2700 |
|            80 | Sales            |        145 |        2500 |
|            90 | Executive        |        100 |        1700 |
|           100 | Finance          |        108 |        1700 |
|           110 | Accounting       |        205 |        1700 |
+---------------+------------------+------------+-------------+
7 rows in set (0.00 sec)
```

```sql
#12.查询出公司中所有 manager 的详细信息

select * from employees where employee_id in (select manager_id from employees group by manager_id);
+-------------+------------+-----------+----------+--------------------+------------+---------+----------+----------------+------------+---------------+
| employee_id | first_name | last_name | email    | phone_number       | hire_date  | job_id  | salary   | commission_pct | manager_id | department_id |
+-------------+------------+-----------+----------+--------------------+------------+---------+----------+----------------+------------+---------------+
|         100 | Steven     | King      | SKING    | 515.123.4567       | 1987-06-17 | AD_PRES | 24000.00 |           NULL |       NULL |            90 |
|         101 | Neena      | Kochhar   | NKOCHHAR | 515.123.4568       | 1989-09-21 | AD_VP   | 17000.00 |           NULL |        100 |            90 |
|         102 | Lex        | De Haan   | LDEHAAN  | 515.123.4569       | 1993-01-13 | AD_VP   | 17000.00 |           NULL |        100 |            90 |
|         103 | Alexander  | Hunold    | AHUNOLD  | 590.423.4567       | 1990-01-03 | IT_PROG |  9000.00 |           NULL |        102 |            60 |
|         108 | Nancy      | Greenberg | NGREENBE | 515.124.4569       | 1994-08-17 | FI_MGR  | 12000.00 |           NULL |        101 |           100 |
|         114 | Den        | Raphaely  | DRAPHEAL | 515.127.4561       | 1994-12-07 | PU_MAN  | 11000.00 |           NULL |        100 |            30 |
|         120 | Matthew    | Weiss     | MWEISS   | 650.123.1234       | 1996-07-18 | ST_MAN  |  8000.00 |           NULL |        100 |            50 |
|         121 | Adam       | Fripp     | AFRIPP   | 650.123.2234       | 1997-04-10 | ST_MAN  |  8200.00 |           NULL |        100 |            50 |
|         122 | Payam      | Kaufling  | PKAUFLIN | 650.123.3234       | 1995-05-01 | ST_MAN  |  7900.00 |           NULL |        100 |            50 |
|         123 | Shanta     | Vollman   | SVOLLMAN | 650.123.4234       | 1997-10-10 | ST_MAN  |  6500.00 |           NULL |        100 |            50 |
|         124 | Kevin      | Mourgos   | KMOURGOS | 650.123.5234       | 1999-11-16 | ST_MAN  |  5800.00 |           NULL |        100 |            50 |
|         145 | John       | Russell   | JRUSSEL  | 011.44.1344.429268 | 1996-10-01 | SA_MAN  | 14000.00 |           0.40 |        100 |            80 |
|         146 | Karen      | Partners  | KPARTNER | 011.44.1344.467268 | 1997-01-05 | SA_MAN  | 13500.00 |           0.30 |        100 |            80 |
|         147 | Alberto    | Errazuriz | AERRAZUR | 011.44.1344.429278 | 1997-03-10 | SA_MAN  | 12000.00 |           0.30 |        100 |            80 |
|         148 | Gerald     | Cambrault | GCAMBRAU | 011.44.1344.619268 | 1999-10-15 | SA_MAN  | 11000.00 |           0.30 |        100 |            80 |
|         149 | Eleni      | Zlotkey   | EZLOTKEY | 011.44.1344.429018 | 2000-01-29 | SA_MAN  | 10500.00 |           0.20 |        100 |            80 |
|         201 | Michael    | Hartstein | MHARTSTE | 515.123.5555       | 1996-02-17 | MK_MAN  | 13000.00 |           NULL |        100 |            20 |
|         205 | Shelley    | Higgins   | SHIGGINS | 515.123.8080       | 1994-06-07 | AC_MGR  | 12000.00 |           NULL |        101 |           110 |
+-------------+------------+-----------+----------+--------------------+------------+---------+----------+----------------+------------+---------------+
18 rows in set (0.00 sec)
```


```sql
#13.各个部门中 最高工资中最低的那个部门的 最低工资是多少?

# 通过排序的方式
select salary from employees where department_id = (select department_id from employees group by department_id having max(salary) <= all (select max(salary) from employees group by department_id)) order by salary asc limit 0, 1;
+---------+
| salary  |
+---------+
| 4400.00 |
+---------+
1 row in set (0.00 sec)

# 通过查询最小值的方式
select min(salary) from employees where department_id = (select department_id from employees group by department_id having max(salary) <= all (select max(salary) from employees group by department_id));
+-------------+
| min(salary) |
+-------------+
|     4400.00 |
+-------------+
1 row in set (0.00 sec)
```

```sql
#14.查询平均工资最高的部门的 manager 的详细信息: last_name, department_id, email, salary

select last_name, department_id, email, salary from employees where employee_id = (select manager_id from departments where department_id = (select department_id from employees group by department_id order by avg(salary) desc limit 0, 1));

+-----------+---------------+-------+----------+
| last_name | department_id | email | salary   |
+-----------+---------------+-------+----------+
| King      |            90 | SKING | 24000.00 |
+-----------+---------------+-------+----------+
1 row in set (0.00 sec)
```

```sql
#15. 查询部门的部门号，其中不包括job_id是"ST_CLERK"的部门号
select department_id from departments where department_id not in (select distinct department_id from employees where job_id = 'ST_CLERK');
+---------------+
| department_id |
+---------------+
|            10 |
|            20 |
|            30 |
|            40 |
|            60 |
|            70 |
|            80 |
|            90 |
|           100 |
|           110 |
|           120 |
|           130 |
|           140 |
|           150 |
|           160 |
|           170 |
|           180 |
|           190 |
|           200 |
|           210 |
|           220 |
|           230 |
|           240 |
|           250 |
|           260 |
|           270 |
+---------------+
26 rows in set (0.00 sec)
```


```sql
#16. 选择所有没有管理者的员工的last_name

select last_name from employees where manager_id is null;
+-----------+
| last_name |
+-----------+
| King      |
+-----------+
1 row in set (0.00 sec)
```

```sql
#17．查询员工号、姓名、雇用时间、工资，其中员工的管理者为 'De Haan'

select employee_id, last_name, hire_date, salary from employees where manager_id = (select employee_id from employees where last_name = 'De Haan');
+-------------+-----------+------------+---------+
| employee_id | last_name | hire_date  | salary  |
+-------------+-----------+------------+---------+
|         103 | Hunold    | 1990-01-03 | 9000.00 |
+-------------+-----------+------------+---------+
1 row in set (0.00 sec)
```

```sql
#18.查询各部门中工资比本部门平均工资高的员工的员工号, 姓名和工资（相关子查询）

select employee_id, last_name, salary from employees as emp where salary > (select avg(salary) from employees where emp.department_id = department_id group by department_id);

+-------------+-----------+----------+
| employee_id | last_name | salary   |
+-------------+-----------+----------+
|         100 | King      | 24000.00 |
|         103 | Hunold    |  9000.00 |
|         104 | Ernst     |  6000.00 |
|         108 | Greenberg | 12000.00 |
|         109 | Faviet    |  9000.00 |
|         114 | Raphaely  | 11000.00 |
|         120 | Weiss     |  8000.00 |
|         121 | Fripp     |  8200.00 |
|         122 | Kaufling  |  7900.00 |
|         123 | Vollman   |  6500.00 |
|         124 | Mourgos   |  5800.00 |
|         137 | Ladwig    |  3600.00 |
|         141 | Rajs      |  3500.00 |
|         145 | Russell   | 14000.00 |
|         146 | Partners  | 13500.00 |
|         147 | Errazuriz | 12000.00 |
|         148 | Cambrault | 11000.00 |
|         149 | Zlotkey   | 10500.00 |
|         150 | Tucker    | 10000.00 |
|         151 | Bernstein |  9500.00 |
|         152 | Hall      |  9000.00 |
|         156 | King      | 10000.00 |
|         157 | Sully     |  9500.00 |
|         158 | McEwen    |  9000.00 |
|         162 | Vishney   | 10500.00 |
|         163 | Greene    |  9500.00 |
|         168 | Ozer      | 11500.00 |
|         169 | Bloom     | 10000.00 |
|         170 | Fox       |  9600.00 |
|         174 | Abel      | 11000.00 |
|         184 | Sarchand  |  4200.00 |
|         185 | Bull      |  4100.00 |
|         188 | Chung     |  3800.00 |
|         189 | Dilly     |  3600.00 |
|         192 | Bell      |  4000.00 |
|         193 | Everett   |  3900.00 |
|         201 | Hartstein | 13000.00 |
|         205 | Higgins   | 12000.00 |
+-------------+-----------+----------+
38 rows in set (0.01 sec)
```

```sql
#19.查询每个部门下的部门人数大于 5 的部门名称（相关子查询）

select department_name from departments where department_id in (select department_id from employees group by department_id having count(employee_id) > 5);
+-----------------+
| department_name |
+-----------------+
| Purchasing      |
| Shipping        |
| Sales           |
| Finance         |
+-----------------+
4 rows in set (0.00 sec)
```

```sql
#20.查询每个国家下的部门个数大于 2 的国家编号（相关子查询）

select country_id from locations where location_id in (select location_id from departments group by location_id having count(department_id) > 2);
+------------+
| country_id |
+------------+
| US         |
+------------+
1 row in set (0.02 sec)
```