

```sql
#1. 创建数据库dbtest11
create database if not exists dbtest11 character set utf8;
Query OK, 1 row affected, 1 warning (0.01 sec)
```

```sql
#2. 运行以下脚本创建表my_employees
 
 USE dbtest11;
 
 CREATE TABLE my_employees(
 id INT(10),
 first_name VARCHAR(10),
 last_name VARCHAR(10),
 userid VARCHAR(10),
 salary DOUBLE(10,2)
 );

 CREATE TABLE users(
 id INT,
 userid VARCHAR(10),
 department_id INT
 );
```

```sql
#3. 显示表my_employees的结构
desc my_employees;
+------------+--------------+------+-----+---------+-------+
| Field      | Type         | Null | Key | Default | Extra |
+------------+--------------+------+-----+---------+-------+
| id         | int          | YES  |     | NULL    |       |
| first_name | varchar(10)  | YES  |     | NULL    |       |
| last_name  | varchar(10)  | YES  |     | NULL    |       |
| userid     | varchar(10)  | YES  |     | NULL    |       |
| salary     | double(10,2) | YES  |     | NULL    |       |
+------------+--------------+------+-----+---------+-------+
5 rows in set (0.00 sec)
```

```sql
#4. 向my_employees表中插入下列数据
ID  FIRST_NAME  LAST_NAME   USERID      SALARY  
1   patel       Ralph       Rpatel      895
2   Dancs       Betty       Bdancs      860
3   Biri        Ben         Bbiri       1100
4   Newman      Chad        Cnewman     750
5   Ropeburn    Audrey      Aropebur    1550

insert into my_employees (id, first_name, last_name, userid, salary) 
values
(1, 'patel', 'Ralph', 'Rpatel', 895), 
(2, 'Dancs', 'Betty', 'Bdancs', 860), 
(3, 'Biri', 'Ben', 'BBiri', 1100), 
(4, 'Newman', 'Chad', 'Cnewman', 750), 
(5, 'Ropeburn', 'Audrey', 'Aropebur', 1550);

select * from my_employees;
+------+------------+-----------+----------+---------+
| id   | first_name | last_name | userid   | salary  |
+------+------------+-----------+----------+---------+
|    1 | patel      | Ralph     | Rpatel   |  895.00 |
|    2 | Dancs      | Betty     | Bdancs   |  860.00 |
|    3 | Biri       | Ben       | BBiri    | 1100.00 |
|    4 | Newman     | Chad      | Cnewman  |  750.00 |
|    5 | Ropeburn   | Audrey    | Aropebur | 1550.00 |
+------+------------+-----------+----------+---------+
5 rows in set (0.00 sec)
```

```sql
#5. 向users表中插入数据
1   Rpatel      10
2   Bdancs      10
3   Bbiri       20
4   Cnewman     30
5   Aropebur    40

insert into users 
values
(1, 'Rpatel', 10), 
(2, 'Bdancs', 10), 
(3, 'Bbiri', 20), 
(4, 'Cnewman', 30), 
(5, 'Aropebur', 40);

select * from users;
+------+----------+---------------+
| id   | userid   | department_id |
+------+----------+---------------+
|    1 | Rpatel   |            10 |
|    2 | Bdancs   |            10 |
|    3 | Bbiri    |            20 |
|    4 | Cnewman  |            30 |
|    5 | Aropebur |            40 |
+------+----------+---------------+
5 rows in set (0.00 sec)
```

```sql
#6. 将3号员工的last_name修改为“drelxer”
update my_employees set last_name = 'drelxer' where id = 3;

select * from my_employees where id = 3;
+------+------------+-----------+--------+---------+
| id   | first_name | last_name | userid | salary  |
+------+------------+-----------+--------+---------+
|    3 | Biri       | drelxer   | BBiri  | 1100.00 |
+------+------------+-----------+--------+---------+
1 row in set (0.00 sec)
```

```sql
#7. 将所有工资少于900的员工的工资修改为1000

update my_employees set salary = 1000 where salary < 900;

select * from my_employees;
+------+------------+-----------+----------+---------+
| id   | first_name | last_name | userid   | salary  |
+------+------------+-----------+----------+---------+
|    1 | patel      | Ralph     | Rpatel   | 1000.00 |
|    2 | Dancs      | Betty     | Bdancs   | 1000.00 |
|    3 | Biri       | drelxer   | BBiri    | 1100.00 |
|    4 | Newman     | Chad      | Cnewman  | 1000.00 |
|    5 | Ropeburn   | Audrey    | Aropebur | 1550.00 |
+------+------------+-----------+----------+---------+
5 rows in set (0.00 sec)
```

```sql
#8. 将userid为Bbiri的user表和my_employees表的记录全部删除

delete from users where userid = 'BBiri';

select * from users;
+------+----------+---------------+
| id   | userid   | department_id |
+------+----------+---------------+
|    1 | Rpatel   |            10 |
|    2 | Bdancs   |            10 |
|    4 | Cnewman  |            30 |
|    5 | Aropebur |            40 |
+------+----------+---------------+
4 rows in set (0.00 sec)

delete from my_employees where userid = 'BBiri';

select * from my_employees;
+------+------------+-----------+----------+---------+
| id   | first_name | last_name | userid   | salary  |
+------+------------+-----------+----------+---------+
|    1 | patel      | Ralph     | Rpatel   | 1000.00 |
|    2 | Dancs      | Betty     | Bdancs   | 1000.00 |
|    4 | Newman     | Chad      | Cnewman  | 1000.00 |
|    5 | Ropeburn   | Audrey    | Aropebur | 1550.00 |
+------+------------+-----------+----------+---------+
4 rows in set (0.00 sec)
```

```sql
#9. 删除my_employees、users表所有数据

delete from my_employees;

delete from users;
```

```sql
#10. 检查所作的修正

select * from my_employees;

select * from users;
```

```sql 
#11. 清空表my_employees
truncate table my_employees;
```